iter	RmsleMetric	RMSE
0	0.1178496767	1.755318849
1	0.11742462	1.748584711
2	0.1169434308	1.741022621
3	0.1164727731	1.733548018
4	0.1160648792	1.727114838
5	0.1156466627	1.720514006
6	0.1152792036	1.71472733
7	0.1149244341	1.709193636
8	0.1145796015	1.703760654
9	0.1142145908	1.698188967
10	0.1138708554	1.692789428
11	0.1135634368	1.688014358
12	0.1130185867	1.679783042
13	0.1127528724	1.675607486
14	0.1124579737	1.671008555
15	0.1120379589	1.664687134
16	0.1118212378	1.661253275
17	0.1116036645	1.657833673
18	0.1113290545	1.653548365
19	0.1110948506	1.649826063
20	0.1108918461	1.646674965
21	0.1106933508	1.643631934
22	0.1105119435	1.640684085
23	0.1102910755	1.637241201
24	0.1100569804	1.633622436
25	0.1098268045	1.630128583
26	0.1095272919	1.6257462
27	0.1092022691	1.62098765
28	0.1089985459	1.617900483
29	0.1088482972	1.615663425
30	0.1086831904	1.613133288
31	0.1085291743	1.610690653
32	0.1082998206	1.607228421
33	0.1080384911	1.603381275
34	0.1079077963	1.601444489
35	0.1077155132	1.598508044
36	0.1075731688	1.59639005
37	0.1072854191	1.592109398
38	0.1071731348	1.590318957
39	0.1069548425	1.587086551
40	0.1066917416	1.583202118
41	0.1064626614	1.579806956
42	0.1063341124	1.577861598
43	0.1061246425	1.574914097
44	0.1058615863	1.571054907
45	0.1056387634	1.56774956
46	0.105500043	1.56561931
47	0.1053571871	1.563541063
48	0.1052282358	1.561495163
49	0.1051236964	1.559917726
50	0.1049973221	1.558002161
51	0.1049118549	1.556688866
52	0.104795778	1.554943118
53	0.1045030642	1.550661163
54	0.1043739448	1.548791942
55	0.104263762	1.547125815
56	0.1041880659	1.545942583
57	0.1040848565	1.544349793
58	0.103957175	1.542482837
59	0.1038916549	1.541500833
60	0.103705981	1.53891999
61	0.1035440908	1.536537059
62	0.1033905006	1.534232751
63	0.1033185856	1.533149787
64	0.1032507269	1.532095908
65	0.1031562949	1.530721559
66	0.103085776	1.529673932
67	0.1028373291	1.526130601
68	0.1027592161	1.524943708
69	0.1026898633	1.523920404
70	0.1026171382	1.522849073
71	0.1025280243	1.521500665
72	0.1024210087	1.519949518
73	0.1023407342	1.51878897
74	0.1022456352	1.517356347
75	0.102065492	1.514739086
76	0.1020167649	1.513980664
77	0.1019268909	1.512626514
78	0.1018499203	1.51150451
79	0.1017966787	1.510649004
80	0.1017239953	1.509578626
81	0.1015786478	1.507578793
82	0.1014993268	1.506413118
83	0.1013721022	1.50446442
84	0.1013197072	1.503673747
85	0.1012735107	1.503035734
86	0.1012309613	1.502377021
87	0.10110556	1.500603386
88	0.1010476917	1.499782271
89	0.1009810828	1.498847841
90	0.100897238	1.497643965
91	0.100827847	1.496606428
92	0.1007053084	1.494784157
93	0.1006549311	1.49402792
94	0.1006140573	1.493387459
95	0.1005394526	1.492229204
96	0.1004710128	1.49121234
97	0.1004405513	1.490747311
98	0.1002269082	1.487715106
99	0.1001725904	1.486851169
100	0.1000458729	1.485069681
101	0.09998707994	1.48415386
102	0.09993602253	1.48337185
103	0.09976636648	1.481002156
104	0.09973222507	1.480489156
105	0.09969847236	1.479971696
106	0.09961570406	1.478707968
107	0.09958163423	1.478198265
108	0.09952885165	1.477396051
109	0.09949148497	1.476824918
110	0.09946021699	1.476363779
111	0.09941487351	1.475641535
112	0.09935664066	1.474790753
113	0.09923496892	1.47306605
114	0.09920881183	1.472657623
115	0.09911148381	1.471241064
116	0.09906736208	1.470613591
117	0.09900053568	1.46964298
118	0.09896914157	1.46917255
119	0.09891635253	1.468373571
120	0.09887805088	1.467777242
121	0.09881535749	1.466832572
122	0.09875583342	1.465909904
123	0.09864092795	1.464281126
124	0.09858097387	1.463340993
125	0.09852459582	1.462525495
126	0.09837264184	1.460371022
127	0.09832370886	1.459598616
128	0.09829062421	1.459067476
129	0.09824313599	1.458331246
130	0.09821501845	1.457915798
131	0.09811564516	1.456479024
132	0.09795509371	1.45423241
133	0.09792318776	1.453729746
134	0.09781266342	1.452171687
135	0.0977494231	1.451218197
136	0.09771254784	1.450651222
137	0.09768428769	1.450222335
138	0.09764439786	1.449627891
139	0.09759732571	1.448897588
140	0.09757562057	1.448558883
141	0.09754480932	1.448071319
142	0.09749945443	1.44737754
143	0.09747009488	1.446935241
144	0.09735625213	1.445173958
145	0.0972299402	1.443377459
146	0.09719333617	1.442827123
147	0.09713872832	1.44200745
148	0.09710479471	1.44149175
149	0.09704073675	1.440493286
150	0.0970016128	1.439921949
151	0.09696944877	1.439443387
152	0.0969195044	1.438662811
153	0.09684603758	1.437538383
154	0.09681402452	1.437044014
155	0.09677109412	1.436355508
156	0.09659471614	1.433777934
157	0.0965701152	1.433417641
158	0.0964749258	1.431980963
159	0.09644287456	1.431484065
160	0.09638064383	1.430493399
161	0.09630510336	1.429336078
162	0.096280438	1.428957567
163	0.09620782452	1.427924667
164	0.09612286041	1.426697958
165	0.09603044986	1.425327444
166	0.09597383314	1.424434229
167	0.09593265467	1.423824502
168	0.09581163333	1.422127891
169	0.09570660422	1.420595888
170	0.09567538994	1.420105264
171	0.09564086872	1.419571231
172	0.09556690532	1.41856067
173	0.0954969555	1.417527552
174	0.09544545157	1.416739
175	0.09540165267	1.416081549
176	0.09536855239	1.415581353
177	0.09532106633	1.414820608
178	0.09529731403	1.414459974
179	0.09526452313	1.413958855
180	0.09520913489	1.413088438
181	0.09512131396	1.411767003
182	0.09499692152	1.409992542
183	0.09495671253	1.409402669
184	0.09492076229	1.4088551
185	0.09487166299	1.408116208
186	0.09473869698	1.406213835
187	0.09463466532	1.40469043
188	0.09459552047	1.404122081
189	0.09456499368	1.403653404
190	0.09453342832	1.403154462
191	0.0944518679	1.40190369
192	0.09441696913	1.401372472
193	0.09434735212	1.400305303
194	0.09425105916	1.398864966
195	0.09418779855	1.397885273
196	0.0941524231	1.397361242
197	0.09405972833	1.396041137
198	0.09403161094	1.395622112
199	0.09397534418	1.394744035
200	0.0939425982	1.394257799
201	0.09390609762	1.393700732
202	0.09375099346	1.391547056
203	0.09367980948	1.390413183
204	0.09364867236	1.389939011
205	0.09352542875	1.388113484
206	0.09344522615	1.386975766
207	0.09338297412	1.386037663
208	0.09324637629	1.384164246
209	0.09317485381	1.383099531
210	0.09314255847	1.382618787
211	0.09312275931	1.382330909
212	0.09309026694	1.381830097
213	0.09301457574	1.380710186
214	0.09288783117	1.378838748
215	0.09285917588	1.378411194
216	0.0927640825	1.377010523
217	0.09270270172	1.376119703
218	0.09259806263	1.37466563
219	0.09251558531	1.373382526
220	0.09246901929	1.372675154
221	0.09242000747	1.371924152
222	0.09235145582	1.37088349
223	0.09229735144	1.37004003
224	0.0922562171	1.369434131
225	0.09222324747	1.368895741
226	0.09219667346	1.368500638
227	0.09212322806	1.367366127
228	0.09205645538	1.36633193
229	0.09196886415	1.364995905
230	0.0919154526	1.364194982
231	0.09185897148	1.363314851
232	0.09180772179	1.362507866
233	0.09178154527	1.362093297
234	0.09175622126	1.361699815
235	0.09173308203	1.361354521
236	0.09165371476	1.360235845
237	0.0916279494	1.359843993
238	0.09152563573	1.358382087
239	0.09140910777	1.356671466
240	0.09138278297	1.356253368
241	0.09133017866	1.355454979
242	0.0913018743	1.355021792
243	0.09122856364	1.353994091
244	0.09117502917	1.353200361
245	0.09111441953	1.35224756
246	0.09107086205	1.351602856
247	0.09101954651	1.350834107
248	0.09097032914	1.350052862
249	0.09090869652	1.349118818
250	0.09084327409	1.348101187
251	0.09082207407	1.347801847
252	0.09079566706	1.347388507
253	0.09077465522	1.347077208
254	0.09068586403	1.345828296
255	0.0906372386	1.345047744
256	0.09061303981	1.3446605
257	0.09058170432	1.344183234
258	0.09050636225	1.343054128
259	0.09048251683	1.342694157
260	0.09040260213	1.34149785
261	0.09034835998	1.34066342
262	0.0902726088	1.339494144
263	0.09025449545	1.339231207
264	0.09018497248	1.338156832
265	0.09011144769	1.337084476
266	0.09009427814	1.33683142
267	0.09006784639	1.336408541
268	0.09003684188	1.335947016
269	0.09001630829	1.335662528
270	0.08997459631	1.334993763
271	0.08991446496	1.334105647
272	0.08985422247	1.333230707
273	0.08983890374	1.333013294
274	0.08976560561	1.331911874
275	0.08972843925	1.331349183
276	0.08971300483	1.331120658
277	0.08969421742	1.330844695
278	0.08964810019	1.330125058
279	0.08961082113	1.329558325
280	0.08954332585	1.328513343
281	0.08946144635	1.32722809
282	0.08943988878	1.326881255
283	0.08940045652	1.326322124
284	0.08938182052	1.326035732
285	0.08934685981	1.325484803
286	0.08931005847	1.324947664
287	0.08928976495	1.32464413
288	0.08921803594	1.323633514
289	0.08914571466	1.322582981
290	0.08909529156	1.321824684
291	0.08901837643	1.32067862
292	0.08900081797	1.320421834
293	0.08892958779	1.319413891
294	0.0889022438	1.319013646
295	0.08883040774	1.317957838
296	0.08877542855	1.317151078
297	0.08874726016	1.316727817
298	0.08870042866	1.315999768
299	0.0886537327	1.3153106
300	0.08859895231	1.314458284
301	0.08855304623	1.313754573
302	0.08850450558	1.312983408
303	0.08848819676	1.31273527
304	0.08844652609	1.312141816
305	0.08840966403	1.311604643
306	0.08837591979	1.311113534
307	0.08832054273	1.310315456
308	0.08831059328	1.310160984
309	0.0882919627	1.309868434
310	0.08827925214	1.309678156
311	0.0882054153	1.308546444
312	0.08818471224	1.308227067
313	0.08813830669	1.30753293
314	0.08811956741	1.307247543
315	0.0880792998	1.306664997
316	0.0880697826	1.306518846
317	0.08805579719	1.306306132
318	0.08804288365	1.306109594
319	0.08801796123	1.305719351
320	0.08798507485	1.305209012
321	0.08797466413	1.305055502
322	0.08794040195	1.304516777
323	0.08787471606	1.303544843
324	0.08785606766	1.303264714
325	0.08780139186	1.302423882
326	0.08775248648	1.30169478
327	0.08774312515	1.301551944
328	0.08767302644	1.300471815
329	0.08764427511	1.300027197
330	0.08759436149	1.29929084
331	0.08756609265	1.29886877
332	0.08754480494	1.298536077
333	0.08749554644	1.297798374
334	0.08745407739	1.297185587
335	0.08741949393	1.296660078
336	0.08739469811	1.2962927
337	0.08738618671	1.296160927
338	0.087349108	1.295598317
339	0.08731576097	1.2950898
340	0.08729709263	1.294808709
341	0.08723434262	1.293848238
342	0.08720379037	1.293373765
343	0.0871647636	1.29274079
344	0.08715069461	1.292536124
345	0.08703997784	1.291035443
346	0.08702422883	1.29078608
347	0.08699263586	1.290320049
348	0.08697892171	1.290119945
349	0.08695238155	1.289716618
350	0.08689342271	1.28881861
351	0.08687679815	1.288572365
352	0.08685721416	1.288271494
353	0.08682205976	1.287765125
354	0.08678349069	1.287197442
355	0.08671975093	1.286298853
356	0.0866944268	1.285888703
357	0.08667682767	1.285610525
358	0.08666784076	1.285474582
359	0.08663918633	1.285028918
360	0.08660549666	1.284503733
361	0.0865551813	1.283731149
362	0.08654266561	1.28355672
363	0.08650466643	1.282963678
364	0.08645211939	1.282211332
365	0.08642200761	1.28174427
366	0.08640424776	1.281458713
367	0.08638617242	1.281162714
368	0.08633794931	1.280431776
369	0.08632390896	1.28021063
370	0.08630081037	1.279867779
371	0.08623990349	1.278977971
372	0.08621698286	1.278626181
373	0.08617824056	1.278056965
374	0.08613611393	1.277417378
375	0.08601611611	1.27568877
376	0.08598880261	1.275280991
377	0.08594416095	1.27465716
378	0.08586070029	1.273476593
379	0.08583288847	1.273050907
380	0.08580790679	1.272664044
381	0.08577125661	1.27211658
382	0.08575732471	1.271910281
383	0.08572522706	1.271429613
384	0.08566860791	1.270632316
385	0.08563437798	1.270102296
386	0.08561531333	1.269838095
387	0.08559377386	1.269511841
388	0.08557636821	1.269224852
389	0.08551210592	1.268239475
390	0.08548167719	1.267767169
391	0.08546678399	1.267546766
392	0.08543518599	1.267093592
393	0.08539301925	1.266483403
394	0.08534253306	1.265681299
395	0.0853203784	1.2653313
396	0.08531250003	1.265210189
397	0.08530604267	1.265108792
398	0.085290313	1.264860338
399	0.08525176326	1.264300046
400	0.08518658429	1.26330312
401	0.08515645958	1.262846612
402	0.08511177725	1.262169029
403	0.08506258704	1.261465016
404	0.08504806678	1.261249019
405	0.08503473771	1.261049992
406	0.08498752452	1.260343351
407	0.08497118823	1.260104737
408	0.08493532503	1.259607829
409	0.08490502614	1.259133555
410	0.08487868746	1.258746027
411	0.08486003371	1.258462109
412	0.08485263386	1.258347082
413	0.08483791741	1.258120159
414	0.0848077851	1.257668685
415	0.0847738164	1.257125862
416	0.08474006611	1.256638185
417	0.08470878859	1.256160293
418	0.08466520144	1.255523288
419	0.08463587221	1.255079632
420	0.08462171897	1.254852955
421	0.08460851236	1.254660244
422	0.08455516318	1.253868013
423	0.08453982137	1.253627728
424	0.08448133072	1.252747401
425	0.08446239539	1.252458694
426	0.08444665374	1.252224907
427	0.08436910179	1.251074603
428	0.0843573639	1.250900934
429	0.08432093215	1.250378427
430	0.08430314447	1.250097219
431	0.08425285322	1.249345698
432	0.08421961311	1.248821377
433	0.0842037589	1.248571711
434	0.08416553277	1.248031167
435	0.08411984576	1.247313419
436	0.08410488624	1.247084273
437	0.08409276004	1.246890801
438	0.08403331325	1.245985299
439	0.0839770107	1.245095516
440	0.08394394042	1.244558186
441	0.08392729725	1.244297668
442	0.08389369282	1.243794811
443	0.08387717675	1.243549013
444	0.08384110079	1.243038397
445	0.08379828474	1.242381901
446	0.083776737	1.242047105
447	0.08375573867	1.241715069
448	0.08368978621	1.240797419
449	0.08367731021	1.240600998
450	0.08363533263	1.239970182
451	0.08359481036	1.23935731
452	0.08353444673	1.238473663
453	0.08346855916	1.237537724
454	0.08345486365	1.237327206
455	0.08340653196	1.2366144
456	0.08338107646	1.236218635
457	0.08334651577	1.235718633
458	0.08331881836	1.235298546
459	0.08330799416	1.235132327
460	0.08322977037	1.234030179
461	0.0831731381	1.233217286
462	0.08313123204	1.232558756
463	0.08311204268	1.232268552
464	0.08309639024	1.232041737
465	0.08305557348	1.231407608
466	0.08297671367	1.23021835
467	0.08293837201	1.229650896
468	0.08288895524	1.228908112
469	0.08286013916	1.228496455
470	0.08282339487	1.227971827
471	0.08280011813	1.227623265
472	0.08278682542	1.227417228
473	0.0827599949	1.22699244
474	0.08273617739	1.226619233
475	0.08272401321	1.226420995
476	0.08268578425	1.225843302
477	0.082672158	1.225652843
478	0.08264834276	1.225272651
479	0.08264035875	1.225153281
480	0.08257824455	1.224196712
481	0.08256238503	1.223954899
482	0.08252239714	1.223362409
483	0.08250126466	1.223031796
484	0.08249440938	1.22292706
485	0.08245156521	1.222309565
486	0.08240024287	1.221506255
487	0.08236224646	1.220903415
488	0.08234699335	1.220665356
489	0.08233723423	1.220510217
490	0.0823297587	1.220399631
491	0.08232131151	1.22027267
492	0.0823083403	1.220070789
493	0.08230097856	1.219961432
494	0.08227935285	1.219639885
495	0.08226771279	1.219465515
496	0.08224477422	1.219111408
497	0.08222779021	1.218855385
498	0.08218226503	1.218207937
499	0.08215152133	1.217719639
500	0.0821006563	1.216962291
501	0.08207100655	1.216519752
502	0.08206511409	1.216430629
503	0.08205251061	1.216232496
504	0.08204107992	1.216062062
505	0.08201493029	1.215677682
506	0.08199461071	1.215366131
507	0.0819774169	1.215104344
508	0.08196343942	1.214890142
509	0.08190064085	1.213980579
510	0.08187203958	1.213565246
511	0.08183863621	1.213084442
512	0.0817757906	1.21212275
513	0.08176504887	1.211970218
514	0.08175402889	1.211797039
515	0.08172080369	1.211292189
516	0.08168974534	1.21079026
517	0.08168398963	1.210705226
518	0.08163253964	1.20994268
519	0.08162358926	1.209803842
520	0.08160787152	1.209572824
521	0.08155617035	1.208844295
522	0.08152581732	1.208361567
523	0.08149670244	1.207905588
524	0.08146209374	1.207380761
525	0.08145055831	1.207199591
526	0.08143726899	1.207002134
527	0.08138263084	1.20619274
528	0.0813717949	1.206030283
529	0.0813490686	1.205693261
530	0.0812909564	1.204782832
531	0.08126309754	1.204353944
532	0.08124614385	1.204103698
533	0.08122931723	1.203848554
534	0.0812239499	1.203765579
535	0.08119863838	1.203379027
536	0.08118582451	1.203186826
537	0.0811461573	1.202580489
538	0.08113346266	1.20240227
539	0.08110799933	1.202034313
540	0.08105977361	1.201298849
541	0.08105351913	1.201208866
542	0.08103397646	1.200913652
543	0.08100120557	1.20040339
544	0.08096242124	1.199842224
545	0.08090288637	1.198977703
546	0.08086567437	1.198421892
547	0.08084925787	1.198167857
548	0.08084300052	1.198073699
549	0.08083147972	1.197901701
550	0.08081643251	1.197670592
551	0.080751448	1.196708262
552	0.08074381669	1.196597591
553	0.08072985795	1.196375419
554	0.08072413841	1.196289917
555	0.08068273033	1.195656442
556	0.08063873857	1.195008773
557	0.080602387	1.194422844
558	0.08057019332	1.193930657
559	0.08054636116	1.193592061
560	0.08053025963	1.193339492
561	0.08051955504	1.19317443
562	0.08049305935	1.192791546
563	0.08047220539	1.19251231
564	0.08044007116	1.192040851
565	0.08042872262	1.191874338
566	0.08041667283	1.191686333
567	0.08039211554	1.19130764
568	0.08037912884	1.191114843
569	0.08029604004	1.189983231
570	0.08029102757	1.189908641
571	0.08027971664	1.189727765
572	0.08024513295	1.189205508
573	0.08022410159	1.188903553
574	0.08021283596	1.188728981
575	0.0801747891	1.188188151
576	0.0801598019	1.187950114
577	0.08015248306	1.187838611
578	0.08013376682	1.187535062
579	0.08012377356	1.187384768
580	0.08006079791	1.18646903
581	0.08005094185	1.18631635
582	0.08003816496	1.1861141
583	0.08002618242	1.185930414
584	0.07998538456	1.185281164
585	0.07992638272	1.184398746
586	0.07989885422	1.183992261
587	0.07986239833	1.183441084
588	0.079852143	1.183285734
589	0.07983515946	1.1830344
590	0.07981202625	1.182690637
591	0.0797936735	1.182414514
592	0.07978178756	1.18223654
593	0.07975917742	1.181874427
594	0.07975071937	1.181740944
595	0.07971479163	1.181176409
596	0.07970579545	1.181034749
597	0.07969702014	1.180897787
598	0.07967999992	1.18065995
599	0.07966527957	1.18044078
600	0.07960968927	1.179607757
601	0.0795810572	1.179181606
602	0.07952072148	1.178259494
603	0.07944645528	1.177158619
604	0.07941924763	1.176791462
605	0.07939440337	1.176412379
606	0.07936220095	1.175895651
607	0.07931924849	1.175265485
608	0.07931121971	1.175135688
609	0.07929773942	1.174931697
610	0.07927614671	1.17461591
611	0.07926399737	1.174428066
612	0.07923115599	1.173960604
613	0.07921535516	1.173717637
614	0.07919958815	1.173460325
615	0.07918519892	1.173217858
616	0.07914948816	1.172693596
617	0.07912552755	1.172320369
618	0.07911581702	1.172170781
619	0.07909988648	1.171921748
620	0.07905047357	1.171157447
621	0.07903598813	1.170939236
622	0.07900761608	1.170507662
623	0.07895764784	1.169760086
624	0.07895147289	1.169667994
625	0.07891912071	1.169162662
626	0.07888765227	1.168698969
627	0.07885930558	1.168270985
628	0.0788343222	1.167900941
629	0.07881889605	1.16767025
630	0.07876898961	1.16693085
631	0.0787249569	1.166270678
632	0.07871441303	1.166109715
633	0.07866898808	1.16539333
634	0.07864386864	1.165002226
635	0.0786349245	1.164878294
636	0.07860631188	1.164455092
637	0.07857417814	1.163986916
638	0.07856487144	1.163843949
639	0.07855489656	1.163708569
640	0.07849931424	1.16285577
641	0.07847010682	1.162415729
642	0.07845817814	1.16222197
643	0.07844865129	1.162075891
644	0.07843408836	1.161860985
645	0.07841562672	1.161588516
646	0.07840927775	1.161488725
647	0.07838664677	1.161145779
648	0.07838198916	1.16107848
649	0.07837559235	1.160979327
650	0.07835919313	1.160723953
651	0.07832595146	1.160234235
652	0.07829627168	1.159771206
653	0.07828444122	1.159608751
654	0.07824498112	1.158988431
655	0.07824015146	1.158917736
656	0.07821302802	1.158537557
657	0.07818590785	1.158162061
658	0.07817735244	1.158031315
659	0.07811895721	1.157161091
660	0.07810678919	1.156971732
661	0.07809615591	1.156811476
662	0.07807754765	1.156542512
663	0.07806911393	1.1564128
664	0.07801132772	1.155626102
665	0.07800593749	1.155546812
666	0.07796525854	1.154924525
667	0.07795583488	1.154785987
668	0.07794609618	1.154644925
669	0.07791628418	1.154209468
670	0.07788217238	1.153720018
671	0.07782726665	1.152886341
672	0.07780914271	1.152601072
673	0.07780389328	1.152520108
674	0.07776705935	1.152001107
675	0.07772775093	1.151399718
676	0.07771708523	1.151238898
677	0.07771169572	1.151156378
678	0.07767115851	1.150525153
679	0.07763351931	1.149946599
680	0.07759647698	1.149371074
681	0.07756105852	1.148855242
682	0.07754802994	1.148653128
683	0.07754362044	1.148583744
684	0.0775385531	1.148508572
685	0.07753430418	1.148440708
686	0.07752880932	1.148357961
687	0.07749586909	1.147859302
688	0.0774582398	1.147289667
689	0.07744971868	1.147158065
690	0.07740998214	1.146580062
691	0.077359655	1.145800816
692	0.07734832519	1.145627856
693	0.07730527858	1.144969076
694	0.07727753274	1.144534623
695	0.07726734902	1.144382193
696	0.07724895101	1.144092423
697	0.07723193375	1.143835058
698	0.07722286769	1.14369553
699	0.07718372884	1.143139891
700	0.07715927313	1.142787214
701	0.07713147894	1.142344993
702	0.07712474423	1.142244768
703	0.07711548956	1.142096959
704	0.07708219778	1.141572264
705	0.07705771735	1.141187638
706	0.07704526826	1.140998115
707	0.0770372498	1.140874622
708	0.07702722635	1.140712704
709	0.07701940111	1.140593093
710	0.07697381911	1.139929214
711	0.07696544894	1.139792088
712	0.07693969676	1.139389999
713	0.07693243772	1.139273132
714	0.0769125209	1.138945657
715	0.0768823121	1.138483358
716	0.07687731788	1.138406792
717	0.076837719	1.137815537
718	0.07681763689	1.137525628
719	0.07679710252	1.137221968
720	0.0767749292	1.136885919
721	0.07673265091	1.136248753
722	0.07672141694	1.136081098
723	0.07671694956	1.136014869
724	0.07667746979	1.135436001
725	0.07666029693	1.135186923
726	0.07664503515	1.134948108
727	0.07661468371	1.134483047
728	0.07658128727	1.133966789
729	0.07654704274	1.133434177
730	0.07653187088	1.133202213
731	0.07650905678	1.132868957
732	0.07648477675	1.13249241
733	0.07647079055	1.132284042
734	0.07643410591	1.13174384
735	0.07642249603	1.131562257
736	0.07638267372	1.130991323
737	0.07637494036	1.130876464
738	0.0763536383	1.130559315
739	0.07634846625	1.130479995
740	0.07633715399	1.130305156
741	0.0763251109	1.13011307
742	0.07627855023	1.129415727
743	0.07627037982	1.129291056
744	0.07624333841	1.128842501
745	0.07621835153	1.128473562
746	0.07618114883	1.127909503
747	0.07614328782	1.127336563
748	0.07612378864	1.127034729
749	0.07611657758	1.126921974
750	0.07610025085	1.126683785
751	0.07609099626	1.126551153
752	0.07608509346	1.126457941
753	0.07604866419	1.125907947
754	0.0760431322	1.125823055
755	0.07602325472	1.125512174
756	0.07600225798	1.125186014
757	0.07599185391	1.125029847
758	0.07595912408	1.124563662
759	0.07595292347	1.124469791
760	0.07592289217	1.124043622
761	0.07591763046	1.123961955
762	0.075909046	1.12382981
763	0.07589792854	1.123666847
764	0.07587889504	1.123382225
765	0.07587232787	1.12328252
766	0.07583950323	1.122785402
767	0.07583457354	1.12270762
768	0.07579719874	1.12214787
769	0.07579033928	1.122039407
770	0.07574026232	1.121282466
771	0.07570533332	1.120767807
772	0.07569770147	1.120647491
773	0.07567517208	1.120282242
774	0.07566902882	1.120191916
775	0.07566488021	1.120125659
776	0.0756468979	1.119857433
777	0.07561248738	1.119357046
778	0.07560784741	1.119281134
779	0.07560037802	1.119166975
780	0.07557795345	1.118818346
781	0.07556472353	1.118609542
782	0.07555728999	1.118494652
783	0.07554869329	1.118353532
784	0.07550795377	1.117724057
785	0.07548665459	1.117423456
786	0.07548215953	1.117357151
787	0.07547397149	1.117232142
788	0.0754484731	1.116850766
789	0.07542501769	1.116504763
790	0.07540119965	1.116146053
791	0.0753850663	1.115921574
792	0.07537951399	1.115840837
793	0.07537137111	1.115715723
794	0.07536396014	1.115607246
795	0.07534616387	1.1153411
796	0.07533187783	1.115131348
797	0.07531052508	1.114807172
798	0.07530247301	1.114685656
799	0.0752962483	1.114588802
800	0.07526208046	1.114084691
801	0.0752569552	1.114004562
802	0.07520949413	1.113349462
803	0.07518431899	1.112986714
804	0.07515858288	1.112593464
805	0.07515079469	1.112475105
806	0.07512144979	1.112034371
807	0.0751168598	1.111967474
808	0.0751083157	1.111832612
809	0.0750954696	1.111622504
810	0.07506648217	1.111188853
811	0.07504975842	1.110944988
812	0.07503299045	1.110675119
813	0.07502547135	1.110555282
814	0.07499913642	1.110123758
815	0.07497170315	1.109712253
816	0.07495687915	1.109463793
817	0.07489026613	1.108490357
818	0.0748362457	1.107665652
819	0.07481429814	1.107369049
820	0.07480460345	1.107223715
821	0.07478170164	1.106890305
822	0.07477427234	1.106779246
823	0.07473182221	1.106176653
824	0.07469119462	1.105611509
825	0.07468619197	1.105534791
826	0.07464749129	1.104961544
827	0.07461231637	1.104404643
828	0.07460448874	1.104285992
829	0.07458231088	1.103944777
830	0.07457681632	1.103857194
831	0.07456610588	1.103691516
832	0.07453671985	1.103245215
833	0.07451841751	1.102964491
834	0.07450105055	1.102707882
835	0.07448009277	1.102389217
836	0.07447530236	1.102314882
837	0.07446571162	1.102174575
838	0.07445107565	1.101960431
839	0.07441539278	1.101421793
840	0.07438867888	1.101006602
841	0.07437946084	1.100871971
842	0.07435998257	1.100581177
843	0.07434930516	1.100414881
844	0.07434421404	1.100337893
845	0.074332903	1.100165432
846	0.07431437935	1.099895952
847	0.0743080868	1.099797326
848	0.07427580504	1.099308075
849	0.07425797657	1.09902396
850	0.07422532088	1.098543622
851	0.07419121041	1.098017716
852	0.07415424926	1.097445365
853	0.07414977957	1.097379521
854	0.07411929739	1.096899782
855	0.07409432444	1.096541606
856	0.07408484002	1.096398146
857	0.07405130573	1.095905778
858	0.07403981653	1.095747584
859	0.07401458669	1.095386866
860	0.07400932574	1.095310236
861	0.07400196396	1.095201093
862	0.07399364803	1.095067427
863	0.07397711229	1.094801729
864	0.07397179953	1.09472269
865	0.07396679252	1.094647747
866	0.07395618442	1.094481346
867	0.0739479554	1.094355191
868	0.07391500765	1.093864099
869	0.0738983886	1.093617126
870	0.07388047512	1.093354226
871	0.07383757629	1.09271122
872	0.0738312051	1.092610428
873	0.07382585462	1.092525592
874	0.07379175993	1.091996345
875	0.07378738028	1.091930434
876	0.07377869226	1.091792761
877	0.07376903253	1.091646077
878	0.0737297951	1.091097224
879	0.07372392479	1.091000645
880	0.07370757743	1.090756601
881	0.07369312589	1.090508811
882	0.07368769918	1.090424024
883	0.07365267486	1.089888584
884	0.07361149832	1.089293267
885	0.07360587193	1.089206631
886	0.07360114848	1.089136538
887	0.07359425554	1.089029272
888	0.0735889317	1.088942957
889	0.07356784201	1.088627961
890	0.07355104972	1.088378667
891	0.07352016928	1.087940544
892	0.07349371004	1.087516022
893	0.07346364495	1.087073195
894	0.07345516258	1.086957117
895	0.07344981761	1.086871686
896	0.07344370248	1.086778866
897	0.07341943341	1.086426258
898	0.07338078982	1.085862435
899	0.07335477398	1.085483614
900	0.0733444828	1.085324807
901	0.07332460021	1.085024619
902	0.07331097163	1.084817559
903	0.07330114291	1.084676378
904	0.07329610695	1.084598817
905	0.07329052713	1.084514426
906	0.07328147209	1.084380679
907	0.07326954634	1.084188014
908	0.07326501451	1.084117947
909	0.07325797732	1.084010345
910	0.07324949433	1.083878446
911	0.07323413819	1.08363078
912	0.07322291114	1.083466037
913	0.07321772812	1.083383484
914	0.07319378871	1.083036863
915	0.0731667432	1.082670046
916	0.07313500476	1.08220149
917	0.07312790856	1.082098863
918	0.07312315209	1.082028963
919	0.07311795752	1.081951779
920	0.07311260826	1.081866947
921	0.07308921041	1.081507144
922	0.07308410862	1.081428379
923	0.07307942558	1.081354791
924	0.07306984944	1.081207898
925	0.07305377734	1.080951626
926	0.07304944747	1.080882368
927	0.07303214844	1.080648407
928	0.07300216245	1.080208431
929	0.07299486144	1.080101012
930	0.07298275792	1.079919014
931	0.07296276823	1.07960886
932	0.07291995679	1.079025295
933	0.07291427849	1.078936018
934	0.07289052972	1.078586095
935	0.07285109816	1.078009395
936	0.07282781597	1.077659823
937	0.07280686697	1.077336389
938	0.07280205236	1.077262526
939	0.07277087674	1.07677572
940	0.07276110797	1.076639222
941	0.072722102	1.07603228
942	0.07271704433	1.075959043
943	0.07269224791	1.075586833
944	0.07267792576	1.075384384
945	0.07265249845	1.074992783
946	0.07264558659	1.074886182
947	0.07262435685	1.074566508
948	0.07259079048	1.074076353
949	0.07257291007	1.073809623
950	0.07254289396	1.073357822
951	0.07253837687	1.073287663
952	0.07250971905	1.072869782
953	0.07248931769	1.072576952
954	0.07248454406	1.072505162
955	0.07247725947	1.072404136
956	0.07245106748	1.072028386
957	0.07241952474	1.071584817
958	0.07241224797	1.071473278
959	0.0724011477	1.071315204
960	0.07239142287	1.071171631
961	0.07238301562	1.071042025
962	0.07236672703	1.070783446
963	0.0723628804	1.070721974
964	0.07235823617	1.070649287
965	0.07233530257	1.070304092
966	0.07230171529	1.069786019
967	0.07227657624	1.069417767
968	0.07227179767	1.069344828
969	0.07223702725	1.068801039
970	0.07222814287	1.068669373
971	0.07220359033	1.068321374
972	0.07217717313	1.067937779
973	0.07216717286	1.067791977
974	0.07215920251	1.067663365
975	0.0721510778	1.067541712
976	0.0721163484	1.067000981
977	0.07207318691	1.066322366
978	0.07206917153	1.066261482
979	0.07206105155	1.066139862
980	0.07205659046	1.066071147
981	0.07204839997	1.065938667
982	0.07204419775	1.065873572
983	0.07204091274	1.065821527
984	0.07203326792	1.06570814
985	0.07202591902	1.065600177
986	0.07202107309	1.065520399
987	0.07201061989	1.065366431
988	0.07198478409	1.064966568
989	0.07197578478	1.064833614
990	0.07196617235	1.064674992
991	0.07196219213	1.064611981
992	0.07194150863	1.064312164
993	0.07193501049	1.064207215
994	0.07193028322	1.064131466
995	0.07190229513	1.063731332
996	0.07189512581	1.063626937
997	0.0718651641	1.063177405
998	0.07185725631	1.063057427
999	0.07182091899	1.062544371
1000	0.07181445994	1.06244492
1001	0.07180837308	1.062354386
1002	0.07180076394	1.062229123
1003	0.07177597992	1.061852057
1004	0.07174146832	1.061283366
1005	0.07171487854	1.060895827
1006	0.07167782831	1.060318393
1007	0.07165704464	1.059980874
1008	0.07163323614	1.059620081
1009	0.07161427417	1.059317595
1010	0.07160745531	1.059215124
1011	0.07158132466	1.058822902
1012	0.07157251568	1.058693629
1013	0.07156658184	1.058600135
1014	0.07155150867	1.058379689
1015	0.07154672155	1.05830321
1016	0.07153948796	1.058190567
